{"cameraMode":{"drawMode":0,"name":"Shaded","section":"Shading Mode"},"sceneLighting":false,"audioPlay":false,"sceneViewState":{"showFog":true,"showMaterialUpdate":false,"showSkybox":true,"showFlares":true,"showImageEffects":true,"showParticleSystems":true},"in2DMode":false,"pivot":{"x":-28.536468505859376,"y":1.7520031929016114,"z":-10.1899995803833},"rotation":{"x":-0.1312427520751953,"y":0.518622100353241,"z":-0.080935537815094,"w":-0.8409850597381592},"size":5.129819869995117,"orthographic":false}