{"cameraMode":{"drawMode":0,"name":"Shaded","section":"Shading Mode"},"sceneLighting":false,"audioPlay":false,"sceneViewState":{"showFog":true,"showMaterialUpdate":false,"showSkybox":true,"showFlares":true,"showImageEffects":true,"showParticleSystems":true},"in2DMode":false,"pivot":{"x":-0.5988692045211792,"y":10.500520706176758,"z":0.08560323715209961},"rotation":{"x":-0.2669679522514343,"y":0.02081138826906681,"z":-0.005766768008470535,"w":-0.9634634256362915},"size":5.532749652862549,"orthographic":false}